{"cameraMode":{"drawMode":0,"name":"Shaded","section":"Shading Mode"},"sceneLighting":false,"audioPlay":false,"sceneViewState":{"showFog":true,"showMaterialUpdate":false,"showSkybox":false,"showFlares":true,"showImageEffects":true,"showParticleSystems":true},"in2DMode":false,"pivot":{"x":0.06900426745414734,"y":0.7512779235839844,"z":0.0},"rotation":{"x":0.10886816680431366,"y":0.08636997640132904,"z":-0.009495520032942295,"w":0.9902521371841431},"size":1.5008152723312379,"orthographic":true}