{"cameraMode":{"drawMode":0,"name":"Shaded","section":"Shading Mode"},"sceneLighting":true,"audioPlay":false,"sceneViewState":{"showFog":true,"showMaterialUpdate":false,"showSkybox":false,"showFlares":true,"showImageEffects":true,"showParticleSystems":true},"in2DMode":false,"pivot":{"x":0.0,"y":0.46700000762939455,"z":0.17499995231628419},"rotation":{"x":0.10886816680431366,"y":0.08636997640132904,"z":-0.009495520032942295,"w":0.9902521371841431},"size":3.60093355178833,"orthographic":true}